<?xml version="1.0" encoding="utf-8" ?>
<dwsync>
<file name="About.html" server="hermes.waketech.edu/public_html/" local="133325265893896255" remote="133325266210000000" Dst="2" />
<file name="Akshayaindex.html" server="hermes.waketech.edu/public_html/" local="133325264089077612" remote="133325266210000000" Dst="2" />
<file name="Assignments.html" server="hermes.waketech.edu/public_html/" local="133325265635176134" remote="133325266210000000" Dst="2" />
<file name="Contact.html" server="hermes.waketech.edu/public_html/" local="133325265480962369" remote="133325266210000000" Dst="2" />
<file name="style1.css" server="hermes.waketech.edu/public_html/" local="133325264089067166" remote="133325266230000000" Dst="2" />
<file name="home-office-5190614_640.jpg" server="hermes.waketech.edu/public_html/" local="133320116444016703" remote="133325227050000000" Dst="2" />
<file name="sticker-1049723_640.jpg" server="hermes.waketech.edu/public_html/" local="133320113563241814" remote="133325227050000000" Dst="2" />
<file name="Growth.jpg" server="hermes.waketech.edu/public_html/" local="133320110702884913" remote="133325227050000000" Dst="2" />
<file name="code-1076536_640.jpg" server="hermes.waketech.edu/public_html/" local="133320107988232598" remote="133325225700000000" Dst="2" />
</dwsync>